cartridge,bullet_diameter,bullet_brand,bullet_type,bullet_weight,powder_type,burn_rate_index,charge_weight,velocity_fps,coal
223_rem,0.225,nosler,ballistic_tip_varmint,60,vihtavuori_n133,89,20.2,2756,2.26
223_rem,0.225,nosler,ballistic_tip_varmint,60,vihtavuori_n130,84,20.1,2782,2.26
223_rem,0.225,nosler,ballistic_tip_varmint,60,vihtavuori_n135,102,21.6,2799,2.26
223_rem,0.225,nosler,ballistic_tip_varmint,60,vihtavuori_n140,112,24.5,2841,2.26
223_rem,0.225,nosler,ballistic_tip_varmint,60,vihtavuori_n540,117,24.7,2887,2.26
223_rem,0.225,nosler,ballistic_tip_varmint,55,vihtavuori_n133,89,20.8,2890,2.26
223_rem,0.225,nosler,ballistic_tip_varmint,55,vihtavuori_n130,84,20.8,2923,2.26
223_rem,0.225,nosler,ballistic_tip_varmint,55,vihtavuori_n135,102,22.4,2953,2.26
223_rem,0.225,nosler,ballistic_tip_varmint,55,vihtavuori_n140,112,25.9,3015,2.26
223_rem,0.225,nosler,ballistic_tip_varmint,55,vihtavuori_n540,117,25.5,3031,2.26
223_rem,0.225,nosler,ballistic_tip_varmint,60,vihtavuori_n130,84,22.4,3054,2.26
223_rem,0.225,nosler,ballistic_tip_varmint,60,vihtavuori_n133,89,23.5,3068,2.26
223_rem,0.225,nosler,ballistic_tip_varmint,60,vihtavuori_n140,112,27,3104,2.26
223_rem,0.225,nosler,ballistic_tip_varmint,60,vihtavuori_n135,102,24.5,3107,2.26
223_rem,0.225,nosler,ballistic_tip_varmint,55,vihtavuori_n140,112,27,3130,2.26
223_rem,0.225,nosler,ballistic_tip_varmint,60,vihtavuori_n540,117,26.9,3189,2.26
223_rem,0.225,nosler,ballistic_tip_varmint,55,vihtavuori_n130,84,23.5,3212,2.26
223_rem,0.225,nosler,ballistic_tip_varmint,55,vihtavuori_n133,89,24.8,3261,2.26
223_rem,0.225,nosler,ballistic_tip_varmint,55,vihtavuori_n135,102,25.9,3264,2.26
223_rem,0.225,nosler,ballistic_tip_varmint,55,vihtavuori_n540,117,27.9,3333,2.26
223_rem,0.225,sako,blade_648g,55,vihtavuori_n133,89,19.3,2789,2.248
223_rem,0.225,sako,blade_648g,55,vihtavuori_n130,84,21.1,2867,2.248
223_rem,0.225,sako,blade_648g,55,vihtavuori_n135,102,22.4,2900,2.248
223_rem,0.225,sako,blade_648g,55,vihtavuori_n140,112,25.9,2995,2.248
223_rem,0.225,sako,blade_648g,55,vihtavuori_n140,112,26.9,3077,2.248
223_rem,0.225,sako,blade_648g,55,vihtavuori_n130,84,23.8,3176,2.248
223_rem,0.225,sako,blade_648g,55,vihtavuori_n133,89,24.7,3209,2.248
223_rem,0.225,sako,blade_648g,55,vihtavuori_n135,102,25.9,3241,2.248
223_rem,0.225,sierra,blitzking,50,vihtavuori_n130,84,21.1,3091,2.26
223_rem,0.225,sierra,blitzking,50,vihtavuori_n530,100,23.1,3114,2.26
223_rem,0.225,sierra,blitzking,50,vihtavuori_n140,112,25.5,3120,2.26
223_rem,0.225,sierra,blitzking,50,vihtavuori_n133,89,23.3,3176,2.26
223_rem,0.225,sierra,blitzking,50,vihtavuori_n135,102,24.2,3199,2.26
223_rem,0.225,sierra,blitzking,50,vihtavuori_n140,112,27,3333,2.26
223_rem,0.225,sierra,blitzking,50,vihtavuori_n130,84,23,3356,2.26
223_rem,0.225,sierra,blitzking,50,vihtavuori_n530,100,25.3,3406,2.26
223_rem,0.225,sierra,blitzking,50,vihtavuori_n133,89,25.3,3448,2.26
223_rem,0.225,sierra,blitzking,50,vihtavuori_n135,102,26.2,3471,2.26
223_rem,0.225,barnes,bt_match,85,vihtavuori_n135,102,18.8,2310,2.228
223_rem,0.225,barnes,bt_match,85,vihtavuori_n140,112,20.8,2375,2.228
223_rem,0.225,barnes,bt_match,85,vihtavuori_n150,124,21.5,2418,2.228
223_rem,0.225,barnes,bt_match,85,vihtavuori_n540,117,22.1,2470,2.228
223_rem,0.225,barnes,bt_match,85,vihtavuori_n135,102,20.8,2493,2.228
223_rem,0.225,barnes,bt_match,85,vihtavuori_n140,112,23.6,2641,2.228
223_rem,0.225,barnes,bt_match,85,vihtavuori_n150,124,23.8,2648,2.228
223_rem,0.225,barnes,bt_match,85,vihtavuori_n540,117,23.6,2687,2.228
223_rem,0.225,berger,bt_target,73,vihtavuori_n135,102,20.2,2438,2.26
223_rem,0.225,berger,bt_target,73,vihtavuori_n133,89,18.5,2451,2.26
223_rem,0.225,berger,bt_target,73,vihtavuori_n140,112,21.9,2503,2.26
223_rem,0.225,berger,bt_target,73,vihtavuori_n530,100,20.5,2533,2.26
223_rem,0.225,berger,bt_target,73,vihtavuori_n540,117,22.7,2582,2.26
223_rem,0.225,berger,bt_target,73,vihtavuori_n133,89,21.8,2697,2.26
223_rem,0.225,berger,bt_target,73,vihtavuori_n135,102,23.3,2805,2.26
223_rem,0.225,berger,bt_target,73,vihtavuori_n140,112,25.3,2871,2.26
223_rem,0.225,berger,bt_target,73,vihtavuori_n530,100,23.1,2910,2.26
223_rem,0.225,berger,bt_target,73,vihtavuori_n540,117,25.5,2949,2.26
223_rem,0.225,hornady,bthp,75,vihtavuori_n135,102,20.7,2467,2.26
223_rem,0.225,hornady,bthp,75,vihtavuori_n140,112,22.1,2474,2.26
223_rem,0.225,hornady,bthp,75,vihtavuori_n540,117,23.1,2536,2.26
223_rem,0.225,hornady,bthp,75,vihtavuori_n135,102,23.3,2723,2.26
223_rem,0.225,hornady,bthp,75,vihtavuori_n140,112,25,2766,2.26
223_rem,0.225,hornady,bthp,75,vihtavuori_n540,117,25.8,2831,2.26
223_rem,0.225,nosler,btlf,40,vihtavuori_n140,112,25.3,3186,2.26
223_rem,0.225,nosler,btlf,40,vihtavuori_n120,81,19,3238,2.26
223_rem,0.225,nosler,btlf,40,vihtavuori_n130,84,22.4,3356,2.26
223_rem,0.225,nosler,btlf,40,vihtavuori_n140,112,26.9,3360,2.26
223_rem,0.225,nosler,btlf,40,vihtavuori_n133,89,22.7,3363,2.26
223_rem,0.225,nosler,btlf,40,vihtavuori_n135,102,24.5,3448,2.26
223_rem,0.225,nosler,btlf,40,vihtavuori_n120,81,21.3,3560,2.26
223_rem,0.225,nosler,btlf,40,vihtavuori_n135,102,25.9,3612,2.26
223_rem,0.225,nosler,btlf,40,vihtavuori_n130,84,25.2,3711,2.26
223_rem,0.225,nosler,btlf,40,vihtavuori_n133,89,25.9,3724,2.26
223_rem,0.225,fox,classic_hunter,55,vihtavuori_n130,84,18.2,2772,2.165
223_rem,0.225,fox,classic_hunter,55,vihtavuori_n133,89,20.1,2864,2.165
223_rem,0.225,fox,classic_hunter,55,vihtavuori_n530,100,20.8,2867,2.165
223_rem,0.225,fox,classic_hunter,55,vihtavuori_n135,102,20.8,2884,2.165
223_rem,0.225,fox,classic_hunter,50,vihtavuori_n130,84,19.9,2972,2.165
223_rem,0.225,fox,classic_hunter,50,vihtavuori_n133,89,20.8,3005,2.165
223_rem,0.225,fox,classic_hunter,50,vihtavuori_n530,100,22.2,3048,2.165
223_rem,0.225,fox,classic_hunter,55,vihtavuori_n130,84,20.5,3068,2.165
223_rem,0.225,fox,classic_hunter,50,vihtavuori_n135,102,23.1,3120,2.165
223_rem,0.225,fox,classic_hunter,55,vihtavuori_n133,89,22.5,3163,2.165
223_rem,0.225,fox,classic_hunter,55,vihtavuori_n530,100,23.3,3199,2.165
223_rem,0.225,fox,classic_hunter,55,vihtavuori_n135,102,23.9,3219,2.165
223_rem,0.225,fox,classic_hunter,50,vihtavuori_n130,84,21.8,3261,2.165
223_rem,0.225,fox,classic_hunter,50,vihtavuori_n133,89,23.8,3343,2.165
223_rem,0.225,fox,classic_hunter,50,vihtavuori_n530,100,24.8,3399,2.165
223_rem,0.225,fox,classic_hunter,50,vihtavuori_n135,102,25.6,3422,2.165
223_rem,0.225,lehigh,controlled_chaos,55,vihtavuori_n133,89,19.3,2776,2.26
223_rem,0.225,lehigh,controlled_chaos,55,vihtavuori_n130,84,19.3,2789,2.26
223_rem,0.225,lehigh,controlled_chaos,55,vihtavuori_n135,102,20.8,2851,2.26
223_rem,0.225,lehigh,controlled_chaos,55,vihtavuori_n140,112,23.3,2858,2.26
223_rem,0.225,lehigh,controlled_chaos,55,vihtavuori_n540,117,23.9,2904,2.26
223_rem,0.225,lehigh,controlled_chaos,55,vihtavuori_n130,84,21.9,3094,2.26
223_rem,0.225,lehigh,controlled_chaos,55,vihtavuori_n133,89,22.7,3117,2.26
223_rem,0.225,lehigh,controlled_chaos,55,vihtavuori_n135,102,23.8,3179,2.26
223_rem,0.225,lehigh,controlled_chaos,55,vihtavuori_n140,112,26.5,3192,2.26
223_rem,0.225,lehigh,controlled_chaos,55,vihtavuori_n540,117,26.4,3219,2.26
223_rem,0.225,nosler,custom_competition,77,vihtavuori_n135,102,20.5,2507,2.26
223_rem,0.225,nosler,custom_competition,77,vihtavuori_n550,129,24.4,2598,2.26
223_rem,0.225,nosler,custom_competition,77,vihtavuori_n140,112,23.1,2605,2.26
223_rem,0.225,nosler,custom_competition,77,vihtavuori_n150,124,23.1,2608,2.26
223_rem,0.225,nosler,custom_competition,77,vihtavuori_n540,117,23.3,2615,2.26
223_rem,0.225,nosler,custom_competition,77,vihtavuori_n135,102,22.8,2759,2.26
223_rem,0.225,nosler,custom_competition,77,vihtavuori_n140,112,25,2828,2.26
223_rem,0.225,nosler,custom_competition,77,vihtavuori_n150,124,25.6,2838,2.26
223_rem,0.225,nosler,custom_competition,77,vihtavuori_n540,117,25.2,2864,2.26
223_rem,0.225,nosler,custom_competition,77,vihtavuori_n550,129,27,2884,2.26
223_rem,0.225,hornady,ecx,50,vihtavuori_n133,89,19.8,2861,2.205
223_rem,0.225,hornady,ecx,50,vihtavuori_n135,102,20.8,2923,2.205
223_rem,0.225,hornady,ecx,50,vihtavuori_n140,112,23.5,2946,2.205
223_rem,0.225,hornady,ecx,50,vihtavuori_n540,117,23.9,2959,2.205
223_rem,0.225,hornady,ecx,50,vihtavuori_n133,89,23.1,3251,2.205
223_rem,0.225,hornady,ecx,50,vihtavuori_n135,102,24.2,3294,2.205
223_rem,0.225,hornady,ecx,50,vihtavuori_n140,112,26.9,3317,2.205
223_rem,0.225,hornady,ecx,50,vihtavuori_n540,117,26.7,3327,2.205
223_rem,0.225,hornady,eld_match,88,vihtavuori_n133,89,19.3,2352,2.323
223_rem,0.225,hornady,eld_match,88,vihtavuori_n530,100,19.3,2365,2.323
223_rem,0.225,hornady,eld_match,88,vihtavuori_n135,102,20.1,2365,2.323
223_rem,0.225,hornady,eld_match,88,vihtavuori_n150,124,21.9,2411,2.323
223_rem,0.225,hornady,eld_match,88,vihtavuori_n540,117,21.9,2431,2.323
223_rem,0.225,hornady,eld_match,88,vihtavuori_n140,112,21.6,2434,2.323
223_rem,0.225,hornady,eld_match,75,vihtavuori_n135,102,21.3,2513,2.26
223_rem,0.225,hornady,eld_match,75,vihtavuori_n140,112,22.8,2523,2.26
223_rem,0.225,hornady,eld_match,88,vihtavuori_n150,124,23.1,2539,2.323
223_rem,0.225,hornady,eld_match,75,vihtavuori_n530,100,20.5,2549,2.26
223_rem,0.225,hornady,eld_match,88,vihtavuori_n133,89,21.3,2559,2.323
223_rem,0.225,hornady,eld_match,88,vihtavuori_n135,102,21.9,2575,2.323
223_rem,0.225,hornady,eld_match,75,vihtavuori_n540,117,22.7,2595,2.26
223_rem,0.225,hornady,eld_match,88,vihtavuori_n530,100,21.8,2605,2.323
223_rem,0.225,hornady,eld_match,88,vihtavuori_n140,112,23.5,2631,2.323
223_rem,0.225,hornady,eld_match,88,vihtavuori_n540,117,24.2,2687,2.323
223_rem,0.225,hornady,eld_match,75,vihtavuori_n135,102,24.4,2874,2.26
223_rem,0.225,hornady,eld_match,75,vihtavuori_n530,100,23.3,2910,2.26
223_rem,0.225,hornady,eld_match,75,vihtavuori_n140,112,26.2,2917,2.26
223_rem,0.225,hornady,eld_match,75,vihtavuori_n540,117,25.8,2956,2.26
223_rem,0.225,hornady,eld_vt,62,vihtavuori_n130,84,21.1,2825,2.26
223_rem,0.225,hornady,eld_vt,62,vihtavuori_n133,89,22.2,2864,2.26
223_rem,0.225,hornady,eld_vt,62,vihtavuori_n135,102,23.3,2874,2.26
223_rem,0.225,hornady,eld_vt,62,vihtavuori_n540,117,25,2894,2.26
223_rem,0.225,hornady,eld_vt,62,vihtavuori_n140,112,25.5,2904,2.26
223_rem,0.225,hornady,eld_vt,62,vihtavuori_n130,84,23,3061,2.26
223_rem,0.225,hornady,eld_vt,62,vihtavuori_n133,89,24.1,3094,2.26
223_rem,0.225,hornady,eld_vt,62,vihtavuori_n140,112,27,3110,2.26
223_rem,0.225,hornady,eld_vt,62,vihtavuori_n135,102,25.9,3169,2.26
223_rem,0.225,hornady,eld_vt,62,vihtavuori_n540,117,27.6,3199,2.26
223_rem,0.225,berger,fb_target,52,vihtavuori_n120,81,18.5,2940,2.26
223_rem,0.225,berger,fb_target,52,vihtavuori_n130,84,20.8,3022,2.26
223_rem,0.225,berger,fb_target,52,vihtavuori_n530,100,22.7,3041,2.26
223_rem,0.225,berger,fb_target,52,vihtavuori_n133,89,22.5,3077,2.26
223_rem,0.225,berger,fb_target,52,vihtavuori_n135,102,23.9,3136,2.26
223_rem,0.225,berger,fb_target,52,vihtavuori_n120,81,20.4,3189,2.26
223_rem,0.225,berger,fb_target,52,vihtavuori_n130,84,22.5,3271,2.26
223_rem,0.225,berger,fb_target,52,vihtavuori_n133,89,24.8,3360,2.26
223_rem,0.225,berger,fb_target,52,vihtavuori_n530,100,25.3,3369,2.26
223_rem,0.225,berger,fb_target,52,vihtavuori_n135,102,26.1,3402,2.26
223_rem,0.225,nosler,fb_varmageddon,55,vihtavuori_n130,84,21,2949,2.26
223_rem,0.225,nosler,fb_varmageddon,53,vihtavuori_n130,84,20.8,2972,2.26
223_rem,0.225,nosler,fb_varmageddon,55,vihtavuori_n133,89,22.4,2986,2.26
223_rem,0.225,nosler,fb_varmageddon,55,vihtavuori_n135,102,23.5,3002,2.26
223_rem,0.225,nosler,fb_varmageddon,53,vihtavuori_n540,117,25.5,3028,2.26
223_rem,0.225,nosler,fb_varmageddon,55,vihtavuori_n140,112,25.6,3028,2.26
223_rem,0.225,nosler,fb_varmageddon,55,vihtavuori_n540,117,25.5,3035,2.26
223_rem,0.225,nosler,fb_varmageddon,53,vihtavuori_n133,89,22.4,3038,2.26
223_rem,0.225,nosler,fb_varmageddon,53,vihtavuori_n140,112,26.2,3077,2.26
223_rem,0.225,nosler,fb_varmageddon,53,vihtavuori_n135,102,23.9,3100,2.26
223_rem,0.225,nosler,fb_varmageddon,55,vihtavuori_n140,112,27,3159,2.26
223_rem,0.225,nosler,fb_varmageddon,53,vihtavuori_n140,112,27,3166,2.26
223_rem,0.225,nosler,fb_varmageddon,55,vihtavuori_n130,84,23.1,3212,2.26
223_rem,0.225,nosler,fb_varmageddon,55,vihtavuori_n133,89,24.7,3255,2.26
223_rem,0.225,nosler,fb_varmageddon,53,vihtavuori_n130,84,23.1,3258,2.26
223_rem,0.225,nosler,fb_varmageddon,55,vihtavuori_n135,102,25.9,3281,2.26
223_rem,0.225,nosler,fb_varmageddon,55,vihtavuori_n540,117,27.8,3317,2.26
223_rem,0.225,nosler,fb_varmageddon,53,vihtavuori_n133,89,24.8,3320,2.26
223_rem,0.225,nosler,fb_varmageddon,53,vihtavuori_n135,102,25.9,3340,2.26
223_rem,0.225,nosler,fb_varmageddon,53,vihtavuori_n540,117,27.9,3389,2.26
223_rem,0.225,berger,fb_varmint,60,vihtavuori_n133,89,21.5,2782,2.26
223_rem,0.225,berger,fb_varmint,60,vihtavuori_n140,112,23.9,2818,2.26
223_rem,0.225,berger,fb_varmint,60,vihtavuori_n530,100,22.4,2822,2.26
223_rem,0.225,berger,fb_varmint,60,vihtavuori_n135,102,23,2822,2.26
223_rem,0.225,berger,fb_varmint,55,vihtavuori_n130,84,20.7,2877,2.26
223_rem,0.225,berger,fb_varmint,60,vihtavuori_n540,117,24.8,2897,2.26
223_rem,0.225,berger,fb_varmint,55,vihtavuori_n140,112,24.7,2917,2.26
223_rem,0.225,berger,fb_varmint,55,vihtavuori_n133,89,22.4,2933,2.26
223_rem,0.225,berger,fb_varmint,55,vihtavuori_n135,102,23.8,2956,2.26
223_rem,0.225,berger,fb_varmint,55,vihtavuori_n530,100,23.1,2969,2.26
223_rem,0.225,berger,fb_varmint,52,vihtavuori_n130,84,21.1,2972,2.26
223_rem,0.225,berger,fb_varmint,52,vihtavuori_n140,112,25,2982,2.26
223_rem,0.225,berger,fb_varmint,52,vihtavuori_n133,89,23,3048,2.26
223_rem,0.225,berger,fb_varmint,52,vihtavuori_n135,102,24.1,3054,2.26
223_rem,0.225,berger,fb_varmint,52,vihtavuori_n530,100,23.6,3068,2.26
223_rem,0.225,berger,fb_varmint,60,vihtavuori_n140,112,26.2,3068,2.26
223_rem,0.225,berger,fb_varmint,60,vihtavuori_n133,89,24.2,3107,2.26
223_rem,0.225,berger,fb_varmint,60,vihtavuori_n135,102,25.8,3140,2.26
223_rem,0.225,berger,fb_varmint,52,vihtavuori_n140,112,26.2,3146,2.26
223_rem,0.225,berger,fb_varmint,60,vihtavuori_n530,100,24.4,3156,2.26
223_rem,0.225,berger,fb_varmint,55,vihtavuori_n140,112,26.5,3166,2.26
223_rem,0.225,berger,fb_varmint,55,vihtavuori_n130,84,23,3196,2.26
223_rem,0.225,berger,fb_varmint,60,vihtavuori_n540,117,27.2,3219,2.26
223_rem,0.225,berger,fb_varmint,55,vihtavuori_n133,89,24.7,3251,2.26
223_rem,0.225,berger,fb_varmint,55,vihtavuori_n530,100,25.2,3268,2.26
223_rem,0.225,berger,fb_varmint,55,vihtavuori_n135,102,26.2,3271,2.26
223_rem,0.225,berger,fb_varmint,52,vihtavuori_n130,84,23.5,3310,2.26
223_rem,0.225,berger,fb_varmint,52,vihtavuori_n133,89,25,3343,2.26
223_rem,0.225,berger,fb_varmint,52,vihtavuori_n530,100,25.8,3369,2.26
223_rem,0.225,berger,fb_varmint,52,vihtavuori_n135,102,26.7,3373,2.26
223_rem,0.225,nosler,fbhp_varmageddon,62,vihtavuori_n130,84,19.4,2684,2.197
223_rem,0.225,nosler,fbhp_varmageddon,62,vihtavuori_n133,89,20.5,2736,2.197
223_rem,0.225,nosler,fbhp_varmageddon,62,vihtavuori_n135,102,22.1,2795,2.197
223_rem,0.225,nosler,fbhp_varmageddon,62,vihtavuori_n540,117,23.9,2808,2.197
223_rem,0.225,nosler,fbhp_varmageddon,62,vihtavuori_n140,112,23.9,2818,2.197
223_rem,0.225,nosler,fbhp_varmageddon,62,vihtavuori_n130,84,21.8,2963,2.197
223_rem,0.225,nosler,fbhp_varmageddon,62,vihtavuori_n133,89,23.1,3022,2.197
223_rem,0.225,nosler,fbhp_varmageddon,62,vihtavuori_n135,102,24.2,3028,2.197
223_rem,0.225,nosler,fbhp_varmageddon,62,vihtavuori_n140,112,26.4,3091,2.197
223_rem,0.225,nosler,fbhp_varmageddon,62,vihtavuori_n540,117,26.4,3120,2.197
223_rem,0.225,lapua,fmj,55,vihtavuori_n120,81,18.7,2874,2.244
223_rem,0.225,lapua,fmj,55,vihtavuori_n130,84,20.5,2936,2.244
223_rem,0.225,lapua,fmj,55,vihtavuori_n133,89,22.1,2989,2.244
223_rem,0.225,lapua,fmj,55,vihtavuori_n140,112,24.8,3009,2.244
223_rem,0.225,lapua,fmj,55,vihtavuori_n135,102,23.3,3041,2.244
223_rem,0.225,lapua,fmj,55,vihtavuori_n530,100,23.3,3054,2.244
223_rem,0.225,lapua,fmj,55,vihtavuori_n120,81,20.8,3127,2.244
223_rem,0.225,lapua,fmj,55,vihtavuori_n130,84,23.1,3232,2.244
223_rem,0.225,lapua,fmj,55,vihtavuori_n133,89,24.5,3278,2.244
223_rem,0.225,lapua,fmj,55,vihtavuori_n135,102,25.9,3278,2.244
223_rem,0.225,lapua,fmj,55,vihtavuori_n140,112,27.3,3294,2.244
223_rem,0.225,lapua,fmj,55,vihtavuori_n530,100,25.3,3330,2.244
223_rem,0.225,speer,fmjbt,62,vihtavuori_n135,102,22.1,2795,2.26
223_rem,0.225,speer,fmjbt,62,vihtavuori_n530,100,22.1,2825,2.26
223_rem,0.225,hornady,fmjbt,55,vihtavuori_n120,81,18.7,2917,2.244
223_rem,0.225,speer,fmjbt,62,vihtavuori_n140,112,25,2956,2.26
223_rem,0.225,hornady,fmjbt,55,vihtavuori_n133,89,22.1,3045,2.244
223_rem,0.225,hornady,fmjbt,55,vihtavuori_n140,112,24.7,3051,2.244
223_rem,0.225,hornady,fmjbt,55,vihtavuori_n135,102,23.3,3077,2.244
223_rem,0.225,hornady,fmjbt,55,vihtavuori_n530,100,23.1,3087,2.244
223_rem,0.225,speer,fmjbt,62,vihtavuori_n135,102,24.7,3091,2.26
223_rem,0.225,speer,fmjbt,62,vihtavuori_n140,112,26.2,3094,2.26
223_rem,0.225,speer,fmjbt,62,vihtavuori_n530,100,24.1,3127,2.26
223_rem,0.225,hornady,fmjbt,55,vihtavuori_n130,84,21.8,3136,2.244
223_rem,0.225,hornady,fmjbt,55,vihtavuori_n120,81,20.7,3150,2.244
223_rem,0.225,hornady,fmjbt,55,vihtavuori_n133,89,24.5,3301,2.244
223_rem,0.225,hornady,fmjbt,55,vihtavuori_n130,84,23.5,3323,2.244
223_rem,0.225,hornady,fmjbt,55,vihtavuori_n135,102,25.6,3337,2.244
223_rem,0.225,hornady,fmjbt,55,vihtavuori_n140,112,26.8,3343,2.244
223_rem,0.225,hornady,fmjbt,55,vihtavuori_n530,100,25,3353,2.244
223_rem,0.225,lapua,fmjbt_s569,55,vihtavuori_n130,84,20.1,2930,2.244
223_rem,0.225,lapua,fmjbt_s569,55,vihtavuori_n133,89,22.1,3002,2.244
223_rem,0.225,lapua,fmjbt_s569,55,vihtavuori_n540,117,24.8,3022,2.244
223_rem,0.225,lapua,fmjbt_s569,55,vihtavuori_n135,102,22.8,3035,2.244
223_rem,0.225,lapua,fmjbt_s569,55,vihtavuori_n140,112,25.2,3058,2.244
223_rem,0.225,lapua,fmjbt_s569,55,vihtavuori_n130,84,22.1,3179,2.244
223_rem,0.225,lapua,fmjbt_s569,55,vihtavuori_n140,112,26.7,3241,2.244
223_rem,0.225,lapua,fmjbt_s569,55,vihtavuori_n133,89,24.4,3268,2.244
223_rem,0.225,lapua,fmjbt_s569,55,vihtavuori_n135,102,25.5,3291,2.244
223_rem,0.225,lapua,fmjbt_s569,55,vihtavuori_n540,117,27.3,3310,2.244
223_rem,0.225,berger,fullbore_target,80.5,vihtavuori_n135,102,19.6,2428,2.244
223_rem,0.225,berger,fullbore_target,80.5,vihtavuori_n133,89,19.3,2444,2.244
223_rem,0.225,berger,fullbore_target,80.5,vihtavuori_n530,100,20.5,2500,2.244
223_rem,0.225,berger,fullbore_target,80.5,vihtavuori_n140,112,21.9,2500,2.244
223_rem,0.225,berger,fullbore_target,80.5,vihtavuori_n550,129,24.1,2523,2.244
223_rem,0.225,berger,fullbore_target,80.5,vihtavuori_n150,124,22.2,2543,2.244
223_rem,0.225,berger,fullbore_target,80.5,vihtavuori_n540,117,22.5,2556,2.244
223_rem,0.225,berger,fullbore_target,80.5,vihtavuori_n133,89,21,2638,2.244
223_rem,0.225,berger,fullbore_target,80.5,vihtavuori_n135,102,22.1,2690,2.244
223_rem,0.225,berger,fullbore_target,80.5,vihtavuori_n530,100,22.5,2740,2.244
223_rem,0.225,berger,fullbore_target,80.5,vihtavuori_n140,112,24.4,2753,2.244
223_rem,0.225,berger,fullbore_target,80.5,vihtavuori_n150,124,24.7,2792,2.244
223_rem,0.225,berger,fullbore_target,80.5,vihtavuori_n550,129,26.9,2799,2.244
223_rem,0.225,berger,fullbore_target,80.5,vihtavuori_n540,117,24.8,2828,2.244
223_rem,0.225,hornady,gmx,70,vihtavuori_n135,102,19.3,2467,2.24
223_rem,0.225,hornady,gmx,70,vihtavuori_n530,100,19.3,2474,2.24
223_rem,0.225,hornady,gmx,70,vihtavuori_n140,112,21.6,2497,2.24
223_rem,0.225,hornady,gmx,70,vihtavuori_n540,117,21.9,2523,2.24
223_rem,0.225,hornady,gmx,70,vihtavuori_n133,89,19.3,2552,2.24
223_rem,0.225,hornady,gmx,70,vihtavuori_n133,89,20.2,2667,2.24
223_rem,0.225,hornady,gmx,70,vihtavuori_n530,100,21.1,2736,2.24
223_rem,0.225,hornady,gmx,70,vihtavuori_n135,102,21.8,2740,2.24
223_rem,0.225,hornady,gmx,70,vihtavuori_n140,112,24.5,2828,2.24
223_rem,0.225,hornady,gmx,70,vihtavuori_n540,117,24.4,2854,2.24
223_rem,0.225,hornady,hp,60,vihtavuori_n130,84,20.5,2867,2.244
223_rem,0.225,hornady,hp,60,vihtavuori_n133,89,22.1,2913,2.244
223_rem,0.225,hornady,hp,60,vihtavuori_n135,102,23.1,2930,2.244
223_rem,0.225,hornady,hp,60,vihtavuori_n140,112,25,2936,2.244
223_rem,0.225,hornady,hp,60,vihtavuori_n140,112,26.8,3166,2.244
223_rem,0.225,hornady,hp,60,vihtavuori_n130,84,23.1,3173,2.244
223_rem,0.225,hornady,hp,60,vihtavuori_n135,102,25.8,3202,2.244
223_rem,0.225,hornady,hp,60,vihtavuori_n133,89,24.7,3209,2.244
223_rem,0.225,sierra,hpbt,90,vihtavuori_n140,112,19.3,2100,2.354
223_rem,0.225,berger,hpbt,90,vihtavuori_n140,112,19.3,2119,2.457
223_rem,0.225,sierra,hpbt,90,vihtavuori_n150,124,19.1,2126,2.354
223_rem,0.225,berger,hpbt,90,vihtavuori_n150,124,19.4,2136,2.457
223_rem,0.225,sierra,hpbt,90,vihtavuori_n540,117,20.7,2224,2.354
223_rem,0.225,berger,hpbt,90,vihtavuori_n540,117,20.7,2238,2.457
223_rem,0.225,sierra,hpbt,77,vihtavuori_n135,102,19.6,2316,2.26
223_rem,0.225,sierra,hpbt,80,vihtavuori_n135,102,18.8,2333,2.551
223_rem,0.225,sierra,hpbt,77,vihtavuori_n530,100,19.8,2336,2.26
223_rem,0.225,sierra,hpbt,77,vihtavuori_n140,112,21,2336,2.26
223_rem,0.225,sierra,hpbt,80,vihtavuori_n530,100,20,2339,2.551
223_rem,0.225,sierra,hpbt,80,vihtavuori_n140,112,20.7,2395,2.551
223_rem,0.225,sierra,hpbt,80,vihtavuori_n540,117,21.4,2395,2.551
223_rem,0.225,berger,hpbt,90,vihtavuori_n140,112,21.8,2411,2.457
223_rem,0.225,sierra,hpbt,77,vihtavuori_n540,117,22.7,2428,2.26
223_rem,0.225,berger,hpbt,90,vihtavuori_n150,124,22.5,2431,2.457
223_rem,0.225,sierra,hpbt,90,vihtavuori_n140,112,22.2,2434,2.354
223_rem,0.225,sierra,hpbt,90,vihtavuori_n150,124,22.8,2454,2.354
223_rem,0.225,berger,hpbt,90,vihtavuori_n540,117,23,2490,2.457
223_rem,0.225,sierra,hpbt,90,vihtavuori_n540,117,23.5,2500,2.354
223_rem,0.225,sierra,hpbt,80,vihtavuori_n135,102,21.6,2587,2.551
223_rem,0.225,sierra,hpbt,77,vihtavuori_n135,102,22.5,2595,2.26
223_rem,0.225,sierra,hpbt,69,vihtavuori_n133,89,20.7,2598,2.244
223_rem,0.225,sierra,hpbt,77,vihtavuori_n530,100,22.1,2608,2.26
223_rem,0.225,sierra,hpbt,80,vihtavuori_n530,100,23.1,2630,2.551
223_rem,0.225,sierra,hpbt,69,vihtavuori_n135,102,21.6,2638,2.244
223_rem,0.225,sierra,hpbt,80,vihtavuori_n140,112,23,2646,2.551
223_rem,0.225,sierra,hpbt,80,vihtavuori_n540,117,23.7,2652,2.551
223_rem,0.225,sierra,hpbt,77,vihtavuori_n140,112,24.7,2657,2.26
223_rem,0.225,sierra,hpbt,69,vihtavuori_n140,112,23.6,2690,2.244
223_rem,0.225,sierra,hpbt,69,vihtavuori_n540,117,24.1,2703,2.244
223_rem,0.225,sierra,hpbt,77,vihtavuori_n540,117,25.3,2717,2.26
223_rem,0.225,sierra,hpbt,69,vihtavuori_n133,89,22.8,2844,2.244
223_rem,0.225,sierra,hpbt,69,vihtavuori_n135,102,23.8,2871,2.244
223_rem,0.225,sierra,hpbt,69,vihtavuori_n140,112,25.9,2943,2.244
223_rem,0.225,sierra,hpbt,69,vihtavuori_n540,117,26.4,2986,2.244
223_rem,0.225,sierra,hpbt,52,vihtavuori_n130,84,21.1,3071,2.244
223_rem,0.225,sierra,hpbt,52,vihtavuori_n133,89,22.5,3110,2.244
223_rem,0.225,sierra,hpbt,52,vihtavuori_n135,102,23.8,3140,2.244
223_rem,0.225,sierra,hpbt,52,vihtavuori_n130,84,23.8,3373,2.244
223_rem,0.225,sierra,hpbt,52,vihtavuori_n133,89,25,3389,2.244
223_rem,0.225,sierra,hpbt,52,vihtavuori_n135,102,25.6,3409,2.244
223_rem,0.225,nosler,hpbt_custom_comp,52,vihtavuori_n130,84,21,2989,2.26
223_rem,0.225,nosler,hpbt_custom_comp,52,vihtavuori_n133,89,22.1,3045,2.26
223_rem,0.225,nosler,hpbt_custom_comp,52,vihtavuori_n135,102,23.6,3107,2.26
223_rem,0.225,nosler,hpbt_custom_comp,52,vihtavuori_n140,112,26.2,3107,2.26
223_rem,0.225,nosler,hpbt_custom_comp,52,vihtavuori_n540,117,25.8,3110,2.26
223_rem,0.225,nosler,hpbt_custom_comp,52,vihtavuori_n140,112,27,3205,2.26
223_rem,0.225,nosler,hpbt_custom_comp,52,vihtavuori_n130,84,23.5,3310,2.26
223_rem,0.225,nosler,hpbt_custom_comp,52,vihtavuori_n133,89,24.7,3323,2.26
223_rem,0.225,nosler,hpbt_custom_comp,52,vihtavuori_n135,102,26.1,3383,2.26
223_rem,0.225,nosler,hpbt_custom_comp,52,vihtavuori_n540,117,28.2,3415,2.26
223_rem,0.225,lapua,hpce,51,vihtavuori_n120,81,19,2982,2.244
223_rem,0.225,lapua,hpce,51,vihtavuori_n130,84,20.8,3051,2.244
223_rem,0.225,lapua,hpce,51,vihtavuori_n133,89,22.4,3094,2.244
223_rem,0.225,lapua,hpce,51,vihtavuori_n135,102,23.8,3140,2.244
223_rem,0.225,lapua,hpce,51,vihtavuori_n530,100,23.6,3159,2.244
223_rem,0.225,lapua,hpce,51,vihtavuori_n120,81,21.1,3251,2.244
223_rem,0.225,lapua,hpce,51,vihtavuori_n130,84,23.3,3340,2.244
223_rem,0.225,lapua,hpce,51,vihtavuori_n133,89,24.8,3389,2.244
223_rem,0.225,lapua,hpce,51,vihtavuori_n135,102,25.9,3392,2.244
223_rem,0.225,lapua,hpce,51,vihtavuori_n530,100,25.6,3451,2.244
223_rem,0.225,barnes,hpfb,36,vihtavuori_n540,117,25.8,3301,2.181
223_rem,0.225,barnes,hpfb,36,vihtavuori_n130,84,21.1,3402,2.181
223_rem,0.225,barnes,hpfb,36,vihtavuori_n140,112,26.2,3425,2.181
223_rem,0.225,barnes,hpfb,36,vihtavuori_n133,89,22.8,3481,2.181
223_rem,0.225,barnes,hpfb,36,vihtavuori_n135,102,24.7,3514,2.181
223_rem,0.225,barnes,hpfb,36,vihtavuori_n140,112,27,3514,2.181
223_rem,0.225,barnes,hpfb,36,vihtavuori_n540,117,27.8,3576,2.181
223_rem,0.225,barnes,hpfb,36,vihtavuori_n135,102,26.2,3717,2.181
223_rem,0.225,barnes,hpfb,36,vihtavuori_n130,84,24.1,3786,2.181
223_rem,0.225,barnes,hpfb,36,vihtavuori_n133,89,25.9,3842,2.181
223_rem,0.225,berger,long_range_hybrid_target,85.5,vihtavuori_n133,89,19.3,2375,2.323
223_rem,0.225,berger,long_range_hybrid_target,85.5,vihtavuori_n135,102,20.1,2408,2.323
223_rem,0.225,berger,long_range_hybrid_target,85.5,vihtavuori_n140,112,21.9,2477,2.323
223_rem,0.225,berger,long_range_hybrid_target,85.5,vihtavuori_n150,124,22.4,2487,2.323
223_rem,0.225,berger,long_range_hybrid_target,85.5,vihtavuori_n540,117,22.8,2523,2.323
223_rem,0.225,berger,long_range_hybrid_target,85.5,vihtavuori_n133,89,21.3,2602,2.323
223_rem,0.225,berger,long_range_hybrid_target,85.5,vihtavuori_n135,102,22.1,2638,2.323
223_rem,0.225,berger,long_range_hybrid_target,85.5,vihtavuori_n150,124,24.7,2700,2.323
223_rem,0.225,berger,long_range_hybrid_target,85.5,vihtavuori_n140,112,23.9,2710,2.323
223_rem,0.225,berger,long_range_hybrid_target,85.5,vihtavuori_n540,117,24.7,2746,2.323
223_rem,0.225,barnes,lrx_bt,77,vihtavuori_n140,112,21.6,2339,2.26
223_rem,0.225,barnes,lrx_bt,77,vihtavuori_n540,117,21.6,2425,2.26
223_rem,0.225,barnes,lrx_bt,77,vihtavuori_n140,112,24.7,2674,2.26
223_rem,0.225,barnes,lrx_bt,77,vihtavuori_n540,117,24.8,2776,2.26
223_rem,0.225,barnes,mpg_fb,55,vihtavuori_n133,89,18.5,2726,2.165
223_rem,0.225,barnes,mpg_fb,55,vihtavuori_n135,102,19.3,2746,2.165
223_rem,0.225,barnes,mpg_fb,55,vihtavuori_n130,84,19.3,2785,2.165
223_rem,0.225,barnes,mpg_fb,55,vihtavuori_n140,112,24.2,2910,2.165
223_rem,0.225,barnes,mpg_fb,55,vihtavuori_n540,117,25.2,2920,2.165
223_rem,0.225,barnes,mpg_fb,55,vihtavuori_n133,89,20.8,3028,2.165
223_rem,0.225,barnes,mpg_fb,55,vihtavuori_n140,112,25.5,3035,2.165
223_rem,0.225,barnes,mpg_fb,55,vihtavuori_n135,102,21.9,3048,2.165
223_rem,0.225,barnes,mpg_fb,55,vihtavuori_n130,84,21.6,3068,2.165
223_rem,0.225,barnes,mpg_fb,55,vihtavuori_n540,117,27.8,3196,2.165
223_rem,0.225,cutting_edge,mth,65,vihtavuori_n135,102,18.5,2507,2.252
223_rem,0.225,cutting_edge,mth,65,vihtavuori_n140,112,20.5,2526,2.252
223_rem,0.225,cutting_edge,mth,65,vihtavuori_n540,117,21.6,2615,2.252
223_rem,0.225,cutting_edge,mth,65,vihtavuori_n135,102,21.3,2805,2.252
223_rem,0.225,cutting_edge,mth,65,vihtavuori_n140,112,24.4,2897,2.252
223_rem,0.225,cutting_edge,mth,65,vihtavuori_n540,117,24.7,2956,2.252
223_rem,0.225,lapua,naturalis_n566,50,vihtavuori_n130,84,18.1,2825,2.205
223_rem,0.225,lapua,naturalis_n566,50,vihtavuori_n530,100,21,2913,2.205
223_rem,0.225,lapua,naturalis_n566,50,vihtavuori_n133,89,20.7,2927,2.205
223_rem,0.225,lapua,naturalis_n566,50,vihtavuori_n135,102,21.9,2972,2.205
223_rem,0.225,lapua,naturalis_n566,50,vihtavuori_n130,84,21.6,3238,2.205
223_rem,0.225,lapua,naturalis_n566,50,vihtavuori_n530,100,23.8,3301,2.205
223_rem,0.225,lapua,naturalis_n566,50,vihtavuori_n133,89,24.1,3337,2.205
223_rem,0.225,lapua,naturalis_n566,50,vihtavuori_n135,102,25.6,3366,2.205
223_rem,0.225,hornady,ntx,35,vihtavuori_n120,81,19.6,3458,2.205
223_rem,0.225,hornady,ntx,35,vihtavuori_n130,84,23.1,3543,2.205
223_rem,0.225,hornady,ntx,35,vihtavuori_n133,89,24.7,3632,2.205
223_rem,0.225,hornady,ntx,35,vihtavuori_n135,102,25.8,3665,2.205
223_rem,0.225,hornady,ntx,35,vihtavuori_n135,102,26.2,3727,2.205
223_rem,0.225,hornady,ntx,35,vihtavuori_n120,81,22.1,3783,2.205
223_rem,0.225,hornady,ntx,35,vihtavuori_n133,89,25.9,3809,2.205
223_rem,0.225,hornady,ntx,35,vihtavuori_n130,84,25.9,3911,2.205
223_rem,0.225,berger,otm_tactical,77,vihtavuori_n135,102,17.7,2336,2.26
223_rem,0.225,berger,otm_tactical,77,vihtavuori_n133,89,17.7,2402,2.26
223_rem,0.225,berger,otm_tactical,77,vihtavuori_n140,112,22.1,2533,2.26
223_rem,0.225,berger,otm_tactical,77,vihtavuori_n540,117,22.4,2543,2.26
223_rem,0.225,berger,otm_tactical,77,vihtavuori_n550,129,23.9,2549,2.26
223_rem,0.225,berger,otm_tactical,77,vihtavuori_n150,124,21.6,2575,2.26
223_rem,0.225,berger,otm_tactical,77,vihtavuori_n133,89,20.1,2595,2.26
223_rem,0.225,berger,otm_tactical,77,vihtavuori_n135,102,21.3,2661,2.26
223_rem,0.225,berger,otm_tactical,77,vihtavuori_n150,124,25.2,2812,2.26
223_rem,0.225,berger,otm_tactical,77,vihtavuori_n140,112,25,2815,2.26
223_rem,0.225,berger,otm_tactical,77,vihtavuori_n540,117,24.8,2841,2.26
223_rem,0.225,berger,otm_tactical,77,vihtavuori_n550,129,27,2881,2.26
223_rem,0.225,nosler,rdf,70,vihtavuori_n133,89,20.5,2648,2.26
223_rem,0.225,nosler,rdf,70,vihtavuori_n135,102,21.6,2694,2.26
223_rem,0.225,nosler,rdf,70,vihtavuori_n140,112,23.6,2726,2.26
223_rem,0.225,nosler,rdf,70,vihtavuori_n540,117,23.8,2746,2.26
223_rem,0.225,nosler,rdf,70,vihtavuori_n133,89,22.8,2917,2.26
223_rem,0.225,nosler,rdf,70,vihtavuori_n135,102,23.8,2956,2.26
223_rem,0.225,nosler,rdf,70,vihtavuori_n140,112,26.1,3005,2.26
223_rem,0.225,nosler,rdf,70,vihtavuori_n540,117,25.8,3022,2.26
223_rem,0.225,sierra,sbt,65,vihtavuori_n130,84,19,2687,2.244
223_rem,0.225,sierra,sbt,65,vihtavuori_n133,89,20.7,2733,2.244
223_rem,0.225,sierra,sbt,65,vihtavuori_n135,102,21.6,2766,2.244
223_rem,0.225,sierra,sbt,65,vihtavuori_n540,117,23.5,2769,2.244
223_rem,0.225,sierra,sbt,65,vihtavuori_n140,112,23.8,2808,2.244
223_rem,0.225,sierra,sbt,65,vihtavuori_n130,84,21,2927,2.244
223_rem,0.225,sierra,sbt,65,vihtavuori_n133,89,22.7,2989,2.244
223_rem,0.225,sierra,sbt,65,vihtavuori_n135,102,23.8,3025,2.244
223_rem,0.225,sierra,sbt,65,vihtavuori_n140,112,25.6,3054,2.244
223_rem,0.225,sierra,sbt,65,vihtavuori_n540,117,25.6,3058,2.244
223_rem,0.225,lapua,scenar,77,vihtavuori_n135,102,18.8,2300,2.26
223_rem,0.225,lapua,scenar,77,vihtavuori_n140,112,20.8,2310,2.26
223_rem,0.225,lapua,scenar,77,vihtavuori_n530,100,19.3,2336,2.26
223_rem,0.225,lapua,scenar,77,vihtavuori_n540,117,21.8,2362,2.26
223_rem,0.225,lapua,scenar,69,vihtavuori_n133,89,20.2,2589,2.26
223_rem,0.225,lapua,scenar,69,vihtavuori_n135,102,21.1,2612,2.26
223_rem,0.225,lapua,scenar,77,vihtavuori_n140,112,24.2,2628,2.26
223_rem,0.225,lapua,scenar,77,vihtavuori_n135,102,21.5,2635,2.26
223_rem,0.225,lapua,scenar,69,vihtavuori_n540,117,23.1,2648,2.26
223_rem,0.225,lapua,scenar,69,vihtavuori_n530,100,21.1,2654,2.26
223_rem,0.225,lapua,scenar,77,vihtavuori_n530,100,22.2,2664,2.26
223_rem,0.225,lapua,scenar,77,vihtavuori_n540,117,24.5,2671,2.26
223_rem,0.225,lapua,scenar,69,vihtavuori_n140,112,22.8,2700,2.26
223_rem,0.225,lapua,scenar,69,vihtavuori_n133,89,21.9,2785,2.26
223_rem,0.225,lapua,scenar,69,vihtavuori_n135,102,23,2828,2.26
223_rem,0.225,lapua,scenar,69,vihtavuori_n530,100,22.7,2851,2.26
223_rem,0.225,lapua,scenar,69,vihtavuori_n140,112,24.7,2884,2.26
223_rem,0.225,lapua,scenar,69,vihtavuori_n540,117,25.5,2936,2.26
223_rem,0.225,swift,scirocco_ii,75,vihtavuori_n135,102,19,2290,2.26
223_rem,0.225,swift,scirocco_ii,75,vihtavuori_n530,100,19.8,2323,2.26
223_rem,0.225,swift,scirocco_ii,75,vihtavuori_n140,112,21.8,2356,2.26
223_rem,0.225,swift,scirocco_ii,75,vihtavuori_n540,117,22.1,2438,2.26
223_rem,0.225,swift,scirocco_ii,62,vihtavuori_n135,102,21,2572,2.26
223_rem,0.225,swift,scirocco_ii,75,vihtavuori_n135,102,22.4,2608,2.26
223_rem,0.225,swift,scirocco_ii,62,vihtavuori_n140,112,23.5,2638,2.26
223_rem,0.225,swift,scirocco_ii,62,vihtavuori_n530,100,21.1,2661,2.26
223_rem,0.225,swift,scirocco_ii,75,vihtavuori_n530,100,22.4,2671,2.26
223_rem,0.225,swift,scirocco_ii,75,vihtavuori_n140,112,25,2674,2.26
223_rem,0.225,swift,scirocco_ii,62,vihtavuori_n540,117,23.8,2720,2.26
223_rem,0.225,swift,scirocco_ii,75,vihtavuori_n540,117,25.3,2776,2.26
223_rem,0.225,swift,scirocco_ii,62,vihtavuori_n135,102,24.4,2972,2.26
223_rem,0.225,swift,scirocco_ii,62,vihtavuori_n530,100,23.8,2982,2.26
223_rem,0.225,swift,scirocco_ii,62,vihtavuori_n140,112,26.7,3015,2.26
223_rem,0.225,swift,scirocco_ii,62,vihtavuori_n540,117,26.5,3087,2.26
223_rem,0.225,lapua,soft_point,55,vihtavuori_n120,81,16.8,2690,2.224
223_rem,0.225,lapua,soft_point,55,vihtavuori_n130,84,18.7,2812,2.224
223_rem,0.225,lapua,soft_point,55,vihtavuori_n133,89,21,2874,2.224
223_rem,0.225,lapua,soft_point,55,vihtavuori_n530,100,22.2,2923,2.224
223_rem,0.225,lapua,soft_point,55,vihtavuori_n135,102,22.1,2949,2.224
223_rem,0.225,lapua,soft_point,55,vihtavuori_n140,112,24.2,3002,2.224
223_rem,0.225,lapua,soft_point,55,vihtavuori_n120,81,20.2,3081,2.224
223_rem,0.225,lapua,soft_point,55,vihtavuori_n130,84,21.9,3146,2.224
223_rem,0.225,lapua,soft_point,55,vihtavuori_n133,89,24.1,3215,2.224
223_rem,0.225,lapua,soft_point,55,vihtavuori_n530,100,24.8,3264,2.224
223_rem,0.225,lapua,soft_point,55,vihtavuori_n135,102,25.3,3294,2.224
223_rem,0.225,lapua,soft_point,55,vihtavuori_n140,112,26.9,3327,2.224
223_rem,0.225,speer,spire_point,40,vihtavuori_n120,81,19,3159,2.075
223_rem,0.225,speer,spire_point,40,vihtavuori_n130,84,22.5,3386,2.075
223_rem,0.225,speer,spire_point,40,vihtavuori_n133,89,23.8,3402,2.075
223_rem,0.225,speer,spire_point,40,vihtavuori_n133,89,25.9,3625,2.075
223_rem,0.225,speer,spire_point,40,vihtavuori_n120,81,23,3668,2.075
223_rem,0.225,speer,spire_point,40,vihtavuori_n130,84,25.5,3763,2.075
223_rem,0.225,speer,spitzer,45,vihtavuori_n120,81,19.3,3061,2.126
223_rem,0.225,sierra,spitzer,50,vihtavuori_n130,84,21.6,3087,2.248
223_rem,0.225,sierra,spitzer,50,vihtavuori_n133,89,22.7,3133,2.248
223_rem,0.225,sierra,spitzer,50,vihtavuori_n540,117,26.2,3153,2.248
223_rem,0.225,sierra,spitzer,50,vihtavuori_n135,102,23.9,3156,2.248
223_rem,0.225,sierra,spitzer,50,vihtavuori_n140,112,26.2,3179,2.248
223_rem,0.225,speer,spitzer,45,vihtavuori_n133,89,23.3,3238,2.126
223_rem,0.225,speer,spitzer,45,vihtavuori_n130,84,22.2,3251,2.126
223_rem,0.225,sierra,spitzer,50,vihtavuori_n140,112,27,3264,2.248
223_rem,0.225,speer,spitzer,45,vihtavuori_n135,102,25.3,3314,2.126
223_rem,0.225,sierra,spitzer,50,vihtavuori_n130,84,23.8,3369,2.248
223_rem,0.225,sierra,spitzer,50,vihtavuori_n135,102,25.9,3379,2.248
223_rem,0.225,speer,spitzer,45,vihtavuori_n135,102,25.9,3392,2.126
223_rem,0.225,sierra,spitzer,50,vihtavuori_n133,89,25.5,3425,2.248
223_rem,0.225,sierra,spitzer,50,vihtavuori_n540,117,28.5,3442,2.248
223_rem,0.225,speer,spitzer,45,vihtavuori_n120,81,22.8,3517,2.126
223_rem,0.225,speer,spitzer,45,vihtavuori_n133,89,25.9,3579,2.126
223_rem,0.225,speer,spitzer,45,vihtavuori_n130,84,25,3583,2.126
223_rem,0.225,campro,spitzer_bt_fmj,62,vihtavuori_n133,89,18.5,2690,2.244
223_rem,0.225,campro,spitzer_bt_fmj,62,vihtavuori_n135,102,19.3,2700,2.244
223_rem,0.225,campro,spitzer_bt_fmj,62,vihtavuori_n130,84,18.5,2703,2.244
223_rem,0.225,campro,spitzer_bt_fmj,62,vihtavuori_n140,112,23.9,2792,2.244
223_rem,0.225,campro,spitzer_bt_fmj,62,vihtavuori_n540,117,24.7,2861,2.244
223_rem,0.225,campro,spitzer_bt_fmj,55,vihtavuori_n120,81,18.7,2881,2.244
223_rem,0.225,campro,spitzer_bt_fmj,55,vihtavuori_n130,84,21.1,2969,2.244
223_rem,0.225,campro,spitzer_bt_fmj,55,vihtavuori_n133,89,22.4,2982,2.244
223_rem,0.225,campro,spitzer_bt_fmj,62,vihtavuori_n130,84,21.6,2992,2.244
223_rem,0.225,campro,spitzer_bt_fmj,62,vihtavuori_n140,112,26.2,3031,2.244
223_rem,0.225,campro,spitzer_bt_fmj,62,vihtavuori_n133,89,23.3,3058,2.244
223_rem,0.225,campro,spitzer_bt_fmj,55,vihtavuori_n135,102,23.9,3071,2.244
223_rem,0.225,campro,spitzer_bt_fmj,62,vihtavuori_n135,102,24.2,3091,2.244
223_rem,0.225,campro,spitzer_bt_fmj,55,vihtavuori_n120,81,20.7,3130,2.244
223_rem,0.225,campro,spitzer_bt_fmj,62,vihtavuori_n540,117,27.3,3173,2.244
223_rem,0.225,campro,spitzer_bt_fmj,55,vihtavuori_n130,84,23.6,3245,2.244
223_rem,0.225,campro,spitzer_bt_fmj,55,vihtavuori_n135,102,25.9,3271,2.244
223_rem,0.225,campro,spitzer_bt_fmj,55,vihtavuori_n133,89,25.5,3314,2.244
223_rem,0.225,barnes,tac_x_bt,62,vihtavuori_n135,102,21,2618,2.26
223_rem,0.225,barnes,tac_x_bt,62,vihtavuori_n530,100,21.6,2694,2.26
223_rem,0.225,barnes,tac_x_bt,62,vihtavuori_n140,112,23.5,2694,2.26
223_rem,0.225,barnes,tac_x_bt,62,vihtavuori_n133,89,20.7,2730,2.26
223_rem,0.225,barnes,tac_x_bt,62,vihtavuori_n540,117,23.9,2756,2.26
223_rem,0.225,barnes,tac_x_bt,62,vihtavuori_n133,89,23.1,2966,2.26
223_rem,0.225,barnes,tac_x_bt,62,vihtavuori_n140,112,26.2,3031,2.26
223_rem,0.225,barnes,tac_x_bt,62,vihtavuori_n135,102,25.2,3054,2.26
223_rem,0.225,barnes,tac_x_bt,62,vihtavuori_n530,100,24.4,3100,2.26
223_rem,0.225,barnes,tac_x_bt,62,vihtavuori_n540,117,27.2,3159,2.26
223_rem,0.225,los,tactic,52,vihtavuori_n120,81,18.7,2963,2.193
223_rem,0.225,los,tactic,52,vihtavuori_n130,84,20.1,3028,2.193
223_rem,0.225,los,tactic,52,vihtavuori_n133,89,21.9,3094,2.193
223_rem,0.225,los,tactic,52,vihtavuori_n135,102,23.5,3150,2.193
223_rem,0.225,los,tactic,52,vihtavuori_n120,81,20.2,3212,2.193
223_rem,0.225,los,tactic,52,vihtavuori_n130,84,22.4,3297,2.193
223_rem,0.225,los,tactic,52,vihtavuori_n133,89,24.4,3383,2.193
223_rem,0.225,los,tactic,52,vihtavuori_n135,102,25.5,3386,2.193
223_rem,0.225,infitech,target_line,53,vihtavuori_n130,84,21.5,3031,2.22
223_rem,0.225,infitech,target_line,53,vihtavuori_n133,89,22.4,3087,2.22
223_rem,0.225,infitech,target_line,53,vihtavuori_n135,102,24.5,3143,2.22
223_rem,0.225,infitech,target_line,53,vihtavuori_n130,84,23.8,3323,2.22
223_rem,0.225,infitech,target_line,53,vihtavuori_n135,102,26.2,3327,2.22
223_rem,0.225,infitech,target_line,53,vihtavuori_n133,89,25.2,3386,2.22
223_rem,0.225,sierra,tmk,77,vihtavuori_n135,102,19.9,2375,2.26
223_rem,0.225,sierra,tmk,77,vihtavuori_n530,100,20.2,2441,2.26
223_rem,0.225,sierra,tmk,77,vihtavuori_n140,112,22.2,2441,2.26
223_rem,0.225,sierra,tmk,77,vihtavuori_n540,117,22.5,2477,2.26
223_rem,0.225,sierra,tmk,77,vihtavuori_n135,102,23,2707,2.26
223_rem,0.225,sierra,tmk,77,vihtavuori_n530,100,22.7,2789,2.26
223_rem,0.225,sierra,tmk,77,vihtavuori_n140,112,25.5,2795,2.26
223_rem,0.225,sierra,tmk,77,vihtavuori_n540,117,25.2,2854,2.26
223_rem,0.225,speer,tnt_hp,50,vihtavuori_n120,81,19.3,2989,2.244
223_rem,0.225,speer,tnt_hp,50,vihtavuori_n130,84,22.1,3107,2.244
223_rem,0.225,speer,tnt_hp,50,vihtavuori_n133,89,24.1,3248,2.244
223_rem,0.225,speer,tnt_hp,50,vihtavuori_n135,102,25.5,3278,2.244
223_rem,0.225,speer,tnt_hp,50,vihtavuori_n135,102,25.9,3340,2.244
223_rem,0.225,speer,tnt_hp,50,vihtavuori_n120,81,22.7,3399,2.244
223_rem,0.225,speer,tnt_hp,50,vihtavuori_n130,84,24.5,3432,2.244
223_rem,0.225,speer,tnt_hp,50,vihtavuori_n133,89,25.9,3533,2.244
223_rem,0.225,barnes,ttsx_bt,62,vihtavuori_n133,89,19.9,2694,2.244
223_rem,0.225,barnes,ttsx_bt,62,vihtavuori_n135,102,21.1,2736,2.244
223_rem,0.225,barnes,ttsx_bt,62,vihtavuori_n530,100,21.5,2746,2.244
223_rem,0.225,barnes,ttsx_bt,62,vihtavuori_n140,112,24.2,2779,2.244
223_rem,0.225,barnes,ttsx_bt,62,vihtavuori_n540,117,23.9,2805,2.244
223_rem,0.225,barnes,ttsx_bt,55,vihtavuori_n133,89,19.3,2818,2.205
223_rem,0.225,barnes,ttsx_bt,55,vihtavuori_n135,102,21.3,2877,2.205
223_rem,0.225,barnes,ttsx_bt,55,vihtavuori_n130,84,20.7,2881,2.205
223_rem,0.225,barnes,ttsx_bt,55,vihtavuori_n540,117,25.2,2963,2.205
223_rem,0.225,barnes,ttsx_bt,55,vihtavuori_n140,112,25,2966,2.205
223_rem,0.225,barnes,ttsx_bt,62,vihtavuori_n133,89,22.2,2966,2.244
223_rem,0.225,barnes,ttsx_bt,62,vihtavuori_n140,112,26.2,2976,2.244
223_rem,0.225,barnes,ttsx_bt,62,vihtavuori_n135,102,23.3,3022,2.244
223_rem,0.225,barnes,ttsx_bt,62,vihtavuori_n530,100,23.3,3035,2.244
223_rem,0.225,barnes,ttsx_bt,62,vihtavuori_n540,117,26.9,3146,2.244
223_rem,0.225,barnes,ttsx_bt,55,vihtavuori_n140,112,27,3169,2.205
223_rem,0.225,barnes,ttsx_bt,55,vihtavuori_n130,84,23.1,3176,2.205
223_rem,0.225,barnes,ttsx_bt,55,vihtavuori_n133,89,23.5,3196,2.205
223_rem,0.225,barnes,ttsx_bt,55,vihtavuori_n135,102,25,3228,2.205
223_rem,0.225,barnes,ttsx_bt,55,vihtavuori_n540,117,27.8,3232,2.205
223_rem,0.225,hornady,v_max,55,vihtavuori_n133,89,21.5,2782,2.26
223_rem,0.225,hornady,v_max,55,vihtavuori_n130,84,20.4,2812,2.26
223_rem,0.225,hornady,v_max,55,vihtavuori_n135,102,23.5,2900,2.26
223_rem,0.225,hornady,v_max,55,vihtavuori_n140,112,25.3,2900,2.26
223_rem,0.225,hornady,v_max,55,vihtavuori_n530,100,23,2927,2.26
223_rem,0.225,hornady,v_max,53,vihtavuori_n130,84,20.8,3025,2.256
223_rem,0.225,hornady,v_max,55,vihtavuori_n140,112,26.5,3045,2.26
223_rem,0.225,hornady,v_max,53,vihtavuori_n133,89,22.8,3077,2.256
223_rem,0.225,hornady,v_max,53,vihtavuori_n530,100,22.8,3084,2.256
223_rem,0.225,hornady,v_max,53,vihtavuori_n135,102,23.9,3133,2.256
223_rem,0.225,hornady,v_max,55,vihtavuori_n130,84,23,3166,2.26
223_rem,0.225,hornady,v_max,55,vihtavuori_n135,102,26.2,3212,2.26
223_rem,0.225,hornady,v_max,55,vihtavuori_n133,89,25,3222,2.26
223_rem,0.225,hornady,v_max,55,vihtavuori_n530,100,25.3,3261,2.26
223_rem,0.225,hornady,v_max,53,vihtavuori_n130,84,22.7,3274,2.256
223_rem,0.225,hornady,v_max,53,vihtavuori_n530,100,24.7,3314,2.256
223_rem,0.225,hornady,v_max,53,vihtavuori_n133,89,24.7,3337,2.256
223_rem,0.225,hornady,v_max,40,vihtavuori_n120,81,19.8,3346,2.224
223_rem,0.225,hornady,v_max,40,vihtavuori_n530,100,24.2,3376,2.224
223_rem,0.225,hornady,v_max,53,vihtavuori_n135,102,25.8,3376,2.256
223_rem,0.225,hornady,v_max,40,vihtavuori_n130,84,21.8,3396,2.224
223_rem,0.225,hornady,v_max,40,vihtavuori_n133,89,24.7,3517,2.224
223_rem,0.225,hornady,v_max,40,vihtavuori_n120,81,22.4,3678,2.224
223_rem,0.225,hornady,v_max,40,vihtavuori_n133,89,25.9,3681,2.224
223_rem,0.225,hornady,v_max,40,vihtavuori_n130,84,24.2,3711,2.224
223_rem,0.225,hornady,v_max,40,vihtavuori_n530,100,26.9,3747,2.224
223_rem,0.225,barnes,varmint_grenade,50,vihtavuori_n130,84,19.1,2877,2.201
223_rem,0.225,barnes,varmint_grenade,50,vihtavuori_n540,117,23.6,2920,2.201
223_rem,0.225,barnes,varmint_grenade,50,vihtavuori_n133,89,20.8,2959,2.201
223_rem,0.225,barnes,varmint_grenade,50,vihtavuori_n140,112,23.5,2963,2.201
223_rem,0.225,barnes,varmint_grenade,50,vihtavuori_n135,102,21.9,2976,2.201
223_rem,0.225,barnes,varmint_grenade,50,vihtavuori_n130,84,21.5,3179,2.201
223_rem,0.225,barnes,varmint_grenade,50,vihtavuori_n133,89,23.1,3255,2.201
223_rem,0.225,barnes,varmint_grenade,50,vihtavuori_n540,117,26.2,3278,2.201
223_rem,0.225,barnes,varmint_grenade,50,vihtavuori_n135,102,24.5,3297,2.201
223_rem,0.225,barnes,varmint_grenade,50,vihtavuori_n140,112,26.9,3317,2.201
223_rem,0.224,barnes,varmint_grenade,30,accurate_2015br,86,22.9,3450,2.1
223_rem,0.224,barnes,varmint_grenade,30,ramshot_xterminator,92,26.1,3687,2.1
223_rem,0.224,barnes,varmint_grenade,30,accurate_2230,93,26.1,3687,2.1
223_rem,0.224,barnes,varmint_grenade,30,accurate_2015br,86,25.4,3771,2.1
223_rem,0.224,barnes,varmint_grenade,30,accurate_2200,76,24.9,3833,2.1
223_rem,0.224,barnes,varmint_grenade,30,ramshot_xterminator,92,29,4029,2.1
223_rem,0.224,barnes,varmint_grenade,30,accurate_2230,93,29,4029,2.1
223_rem,0.224,barnes,varmint_grenade,30,accurate_2200,76,27.7,4189,2.1
223_rem,0.225,sierra,varminter_hp,60,vihtavuori_n130,84,20.1,2782,2.236
223_rem,0.225,sierra,varminter_hp,60,vihtavuori_n133,89,20.8,2808,2.236
223_rem,0.225,sierra,varminter_hp,60,vihtavuori_n135,102,21.8,2841,2.236
223_rem,0.225,sierra,varminter_hp,60,vihtavuori_n540,117,24.7,2877,2.236
223_rem,0.225,sierra,varminter_hp,60,vihtavuori_n140,112,24.2,2890,2.236
223_rem,0.225,sierra,varminter_hp,60,vihtavuori_n130,84,22.2,3035,2.236
223_rem,0.225,sierra,varminter_hp,60,vihtavuori_n133,89,23.5,3084,2.236
223_rem,0.225,sierra,varminter_hp,60,vihtavuori_n135,102,24.5,3133,2.236
223_rem,0.225,sierra,varminter_hp,60,vihtavuori_n140,112,26.9,3176,2.236
223_rem,0.225,sierra,varminter_hp,60,vihtavuori_n540,117,27.2,3196,2.236
223_rem,0.225,berger,vld_target,75,vihtavuori_n540,117,22.7,786,2.26
223_rem,0.225,berger,vld_target,75,vihtavuori_n133,89,18.7,2402,2.26
223_rem,0.225,berger,vld_target,75,vihtavuori_n135,102,20.8,2503,2.26
223_rem,0.225,berger,vld_target,75,vihtavuori_n140,112,22.2,2530,2.26
223_rem,0.225,berger,vld_target,75,vihtavuori_n530,100,20.8,2546,2.26
223_rem,0.225,berger,vld_target,75,vihtavuori_n133,89,21.9,2746,2.26
223_rem,0.225,berger,vld_target,75,vihtavuori_n135,102,23.8,2835,2.26
223_rem,0.225,berger,vld_target,75,vihtavuori_n140,112,25.5,2877,2.26
223_rem,0.225,berger,vld_target,75,vihtavuori_n530,100,23.1,2894,2.26
223_rem,0.225,berger,vld_target,75,vihtavuori_n540,117,25.9,2963,2.26
